{"ohlc":{"time":1624273200,"high":0.2359,"low":0.2122,"open":0.2321,"close":0.2346,"volumefrom":8.030874691E8,"volumeto":1.800708187E8},"tweets":[]}