{"ohlc":{"time":1615183200,"high":0.06002,"low":0.056,"open":0.056,"close":0.05684,"volumefrom":1.087661565E9,"volumeto":6.306076521E7},"tweets":[]}